{
	"format_version": "1.8.0",
	"animations": {
		"extra0": {
			"loop": true,
			"animation_length": 2,
			"bones": {
				"root": {
					"scale": {
						"0.0": [1, 1, 1],
						"0.5417": [1.03421, 1.04623, 1.0467],
						"0.875": [1.1235, 1.12484, 1.12491],
						"0.9167": [1.13, 1.13, 1.13]
					}
				},
				"AllBody": {
					"rotation": {
						"0.0": [0, 0, 0],
						"0.875": ["math.sin(q.anim_time * 3000) * 3", 0, "math.cos(q.anim_time * 2000) * 3"],
						"0.9167": [0, 0, 0]
					},
					"scale": {
						"0.0": [1.01, 1.01, 1.01],
						"0.0833": [0.99, 0.99, 0.99],
						"0.1667": [1.01, 1.01, 1.01],
						"0.25": [0.99, 0.99, 0.99],
						"0.3333": [1.01, 1.01, 1.01],
						"0.4167": [0.99, 0.99, 0.99],
						"0.5": [1.01, 1.01, 1.01],
						"0.5833": [0.99, 0.99, 0.99],
						"0.6667": [1.01, 1.01, 1.01],
						"0.75": [0.99, 0.99, 0.99],
						"0.8333": [1.01, 1.01, 1.01],
						"0.875": [1.2, 1.2, 1.2],
						"0.9583": [2, 2, 2],
						"1.0": [0, 0, 0]
					}
				},
				"AllBody2": {
					"rotation": {
						"0.0": [0, 0, 0],
						"0.875": ["math.sin(q.anim_time * 3000) * 3", 0, "math.cos(q.anim_time * 2000) * 3"],
						"0.9167": [0, 0, 0]
					},
					"scale": {
						"0.0": [0.99, 0.99, 0.99],
						"0.0833": [1.01, 1.01, 1.01],
						"0.1667": [0.99, 0.99, 0.99],
						"0.25": [1.01, 1.01, 1.01],
						"0.3333": [0.99, 0.99, 0.99],
						"0.4167": [1.01, 1.01, 1.01],
						"0.5": [0.99, 0.99, 0.99],
						"0.5833": [1.01, 1.01, 1.01],
						"0.6667": [0.99, 0.99, 0.99],
						"0.75": [1.01, 1.01, 1.01],
						"0.8333": [0.99, 0.99, 0.99],
						"0.875": [1.2, 1.2, 1.2],
						"0.9167": [2, 2, 2],
						"0.9583": [0, 0, 0]
					}
				},
				"MAllBody": {
					"scale": {
						"0.0": {
							"post": [1, 1, 1],
							"lerp_mode": "catmullrom"
						},
						"0.1667": {
							"post": [0.99, 1.02, 0.99],
							"lerp_mode": "catmullrom"
						},
						"0.25": {
							"post": [1.01, 0.98, 1.01],
							"lerp_mode": "catmullrom"
						},
						"0.3333": {
							"post": [0.98, 1.04, 0.98],
							"lerp_mode": "catmullrom"
						},
						"0.4167": {
							"post": [1.02, 0.96, 1.02],
							"lerp_mode": "catmullrom"
						},
						"0.5": {
							"post": [0.95, 1.1, 0.95],
							"lerp_mode": "catmullrom"
						},
						"0.5833": {
							"post": [1.05, 0.9, 1.05],
							"lerp_mode": "catmullrom"
						},
						"0.6667": {
							"post": [0.9, 1.2, 0.9],
							"lerp_mode": "catmullrom"
						},
						"0.75": {
							"post": [1.1, 0.8, 1.1],
							"lerp_mode": "catmullrom"
						},
						"0.8333": {
							"post": [0.9, 1.2, 0.9],
							"lerp_mode": "catmullrom"
						},
						"0.875": {
							"post": [1.1, 0.8, 1.1],
							"lerp_mode": "catmullrom"
						},
						"0.9167": [1.2, 1.2, 1.2]
					}
				}
			}
		}
	}
}